industry,industry_label,size_band,sample_size,measured_at,spf_pct,spf_all_open_pct,dmarc_pct,dmarc_enforced_pct,no_dmarc_pct,mx_pct
ai-ml,AI & machine learning,1-10,99,2026-09-03,84.8,1,65.7,26.3,34.3,100
ai-ml,AI & machine learning,11-50,117,2026-09-03,88,1.7,74.4,38.5,25.6,100
ai-ml,AI & machine learning,51-200,113,2026-09-03,92.9,0,83.2,47.8,16.8,100
ai-ml,AI & machine learning,201-1000,116,2026-09-03,96.6,0.9,89.7,66.4,10.3,100
ai-ml,AI & machine learning,1001-plus,116,2026-09-03,99.1,0.9,99.1,86.2,0.9,100
agencies,Agencies,1-10,107,2026-09-03,85,1.9,56.1,16.8,43.9,100
agencies,Agencies,11-50,114,2026-09-03,92.1,1.8,70.2,26.3,29.8,100
agencies,Agencies,51-200,111,2026-09-03,88.3,2.7,82.9,34.2,17.1,100
agencies,Agencies,201-1000,114,2026-09-03,97.4,0,87.7,50.9,12.3,100
agencies,Agencies,1001-plus,112,2026-09-03,96.4,1.8,86.6,55.4,13.4,100
biotech,Biotech,1-10,111,2026-09-03,91.9,2.7,70.3,27,29.7,100
biotech,Biotech,11-50,114,2026-09-03,94.7,0,79.8,37.7,20.2,100
biotech,Biotech,51-200,117,2026-09-03,92.3,0,86.3,47,13.7,100
biotech,Biotech,201-1000,116,2026-09-03,98.3,0,89.7,60.3,10.3,100
biotech,Biotech,1001-plus,115,2026-09-03,99.1,1.7,97.4,84.3,2.6,100
construction,Construction,1-10,104,2026-09-03,85.6,0,54.8,19.2,45.2,100
construction,Construction,11-50,114,2026-09-03,96.5,0.9,68.4,23.7,31.6,100
construction,Construction,51-200,116,2026-09-03,93.1,0,82.8,43.1,17.2,100
construction,Construction,201-1000,115,2026-09-03,95.7,0,90.4,60,9.6,100
construction,Construction,1001-plus,115,2026-09-03,98.3,0,93,73,7,100
cybersecurity,Cybersecurity,1-10,109,2026-09-03,94.5,3.7,63.3,30.3,36.7,100
cybersecurity,Cybersecurity,11-50,116,2026-09-03,94.8,0.9,79.3,39.7,20.7,100
cybersecurity,Cybersecurity,51-200,115,2026-09-03,95.7,0,91.3,44.3,8.7,100
cybersecurity,Cybersecurity,201-1000,114,2026-09-03,98.2,0.9,86.8,60.5,13.2,100
cybersecurity,Cybersecurity,1001-plus,115,2026-09-03,100,0.9,100,91.3,0,100
devtools,Developer tools,1-10,113,2026-09-03,89.4,1.8,63.7,27.4,36.3,100
devtools,Developer tools,11-50,118,2026-09-03,90.7,0.8,80.5,44.1,19.5,100
devtools,Developer tools,51-200,119,2026-09-03,94.1,0.8,87.4,58,12.6,100
devtools,Developer tools,201-1000,119,2026-09-03,98.3,0,96.6,77.3,3.4,100
devtools,Developer tools,1001-plus,118,2026-09-03,97.5,0,100,94.9,0,100
ecommerce,E-commerce,1-10,107,2026-09-03,84.1,1.9,72,19.6,28,100
ecommerce,E-commerce,11-50,118,2026-09-03,92.4,0,82.2,31.4,17.8,100
ecommerce,E-commerce,51-200,119,2026-09-03,92.4,1.7,91.6,51.3,8.4,100
ecommerce,E-commerce,201-1000,120,2026-09-03,95.8,0.8,87.5,65,12.5,100
ecommerce,E-commerce,1001-plus,114,2026-09-03,96.5,1.8,94.7,67.5,5.3,100
education,Education,1-10,104,2026-09-03,85.6,2.9,61.5,16.3,38.5,100
education,Education,11-50,109,2026-09-03,96.3,1.8,76.1,21.1,23.9,100
education,Education,51-200,109,2026-09-03,90.8,0.9,85.3,37.6,14.7,100
education,Education,201-1000,116,2026-09-03,96.6,0,88.8,52.6,11.2,100
education,Education,1001-plus,116,2026-09-03,98.3,0.9,95.7,80.2,4.3,100
energy,Energy,1-10,102,2026-09-03,88.2,0,61.8,21.6,38.2,100
energy,Energy,11-50,113,2026-09-03,90.3,1.8,63.7,26.5,36.3,100
energy,Energy,51-200,109,2026-09-03,91.7,0,81.7,43.1,18.3,100
energy,Energy,201-1000,113,2026-09-03,95.6,0,90.3,46.9,9.7,100
energy,Energy,1001-plus,113,2026-09-03,98.2,0.9,97.3,85.8,2.7,100
fintech,Fintech,1-10,108,2026-09-03,89.8,0.9,67.6,34.3,32.4,100
fintech,Fintech,11-50,110,2026-09-03,97.3,0,82.7,43.6,17.3,100
fintech,Fintech,51-200,117,2026-09-03,97.4,1.7,95.7,65.8,4.3,100
fintech,Fintech,201-1000,119,2026-09-03,98.3,1.7,96.6,75.6,3.4,100
fintech,Fintech,1001-plus,116,2026-09-03,99.1,0,100,92.2,0,100
gaming,Gaming,1-10,96,2026-09-03,80.2,3.1,40.6,11.5,59.4,100
gaming,Gaming,11-50,114,2026-09-03,77.2,0.9,50,21.9,50,100
gaming,Gaming,51-200,117,2026-09-03,91.5,0.9,80.3,41,19.7,100
gaming,Gaming,201-1000,111,2026-09-03,96.4,0,84.7,66.7,15.3,100
gaming,Gaming,1001-plus,106,2026-09-03,95.3,0.9,79.2,58.5,20.8,100
healthcare,Healthcare,1-10,109,2026-09-03,88.1,0.9,57.8,18.3,42.2,100
healthcare,Healthcare,11-50,112,2026-09-03,92.9,0,75,35.7,25,100
healthcare,Healthcare,51-200,117,2026-09-03,91.5,2.6,83.8,48.7,16.2,100
healthcare,Healthcare,201-1000,114,2026-09-03,97.4,0,88.6,59.6,11.4,100
healthcare,Healthcare,1001-plus,115,2026-09-03,99.1,0.9,98.3,78.3,1.7,100
hospitality,Hospitality,1-10,90,2026-09-03,80,2.2,58.9,15.6,41.1,100
hospitality,Hospitality,11-50,113,2026-09-03,87.6,1.8,72.6,23.9,27.4,100
hospitality,Hospitality,51-200,113,2026-09-03,92.9,0,83.2,38.9,16.8,100
hospitality,Hospitality,201-1000,117,2026-09-03,95.7,1.7,88.9,48.7,11.1,100
hospitality,Hospitality,1001-plus,115,2026-09-03,96.5,0,94.8,73,5.2,100
insurance,Insurance,1-10,104,2026-09-03,86.5,1.9,55.8,16.3,44.2,100
insurance,Insurance,11-50,113,2026-09-03,94.7,0,79.6,33.6,20.4,100
insurance,Insurance,51-200,118,2026-09-03,98.3,0.8,86.4,59.3,13.6,100
insurance,Insurance,201-1000,115,2026-09-03,98.3,0,94.8,67,5.2,100
insurance,Insurance,1001-plus,112,2026-09-03,97.3,0,98.2,88.4,1.8,100
legaltech,Legal tech,1-10,107,2026-09-03,93.5,2.8,62.6,24.3,37.4,100
legaltech,Legal tech,11-50,115,2026-09-03,93.9,0.9,82.6,43.5,17.4,100
legaltech,Legal tech,51-200,118,2026-09-03,97.5,1.7,86.4,49.2,13.6,100
legaltech,Legal tech,201-1000,114,2026-09-03,96.5,0,86.8,62.3,13.2,100
legaltech,Legal tech,1001-plus,115,2026-09-03,96.5,0,93.9,82.6,6.1,100
logistics,Logistics,1-10,103,2026-09-03,93.2,2.9,58.3,22.3,41.7,100
logistics,Logistics,11-50,109,2026-09-03,92.7,0.9,75.2,30.3,24.8,100
logistics,Logistics,51-200,106,2026-09-03,98.1,0.9,81.1,48.1,18.9,100
logistics,Logistics,201-1000,117,2026-09-03,93.2,0.9,88,54.7,12,100
logistics,Logistics,1001-plus,114,2026-09-03,100,0,96.5,83.3,3.5,100
manufacturing,Manufacturing,1-10,103,2026-09-03,90.3,1.9,68,24.3,32,100
manufacturing,Manufacturing,11-50,112,2026-09-03,91.1,0.9,72.3,33,27.7,100
manufacturing,Manufacturing,51-200,110,2026-09-03,88.2,0,84.5,45.5,15.5,100
manufacturing,Manufacturing,201-1000,109,2026-09-03,99.1,0,88.1,57.8,11.9,100
manufacturing,Manufacturing,1001-plus,118,2026-09-03,98.3,1.7,98.3,83.1,1.7,100
marketplaces,Marketplaces,1-10,98,2026-09-03,90.8,1,70.4,17.3,29.6,100
marketplaces,Marketplaces,11-50,81,2026-09-03,87.7,1.2,66.7,19.8,33.3,100
media,Media & publishing,1-10,99,2026-09-03,90.9,2,65.7,24.2,34.3,100
media,Media & publishing,11-50,118,2026-09-03,94.1,2.5,79.7,29.7,20.3,100
media,Media & publishing,51-200,113,2026-09-03,92,0,87.6,45.1,12.4,100
media,Media & publishing,201-1000,116,2026-09-03,95.7,1.7,85.3,50,14.7,100
media,Media & publishing,1001-plus,117,2026-09-03,97.4,0.9,95.7,82.9,4.3,100
nonprofit,Nonprofits,1-10,104,2026-09-03,87.5,3.8,67.3,11.5,32.7,100
nonprofit,Nonprofits,11-50,117,2026-09-03,95.7,1.7,74.4,25.6,25.6,100
nonprofit,Nonprofits,51-200,114,2026-09-03,95.6,0.9,86.8,47.4,13.2,100
nonprofit,Nonprofits,201-1000,117,2026-09-03,96.6,0,92.3,70.1,7.7,100
nonprofit,Nonprofits,1001-plus,120,2026-09-03,96.7,0.8,95.8,75,4.2,100
professional-services,Professional services,1-10,109,2026-09-03,85.3,2.8,56,18.3,44,100
professional-services,Professional services,11-50,113,2026-09-03,94.7,0,70.8,32.7,29.2,100
professional-services,Professional services,51-200,112,2026-09-03,92.9,0,87.5,35.7,12.5,100
professional-services,Professional services,201-1000,116,2026-09-03,98.3,0,87.1,56,12.9,100
professional-services,Professional services,1001-plus,115,2026-09-03,98.3,0,98.3,86.1,1.7,100
proptech,Proptech,1-10,100,2026-09-03,89,4,74,27,26,100
proptech,Proptech,11-50,113,2026-09-03,88.5,0.9,79.6,32.7,20.4,100
proptech,Proptech,51-200,116,2026-09-03,94.8,4.3,89.7,49.1,10.3,100
proptech,Proptech,201-1000,117,2026-09-03,94.9,0,88,54.7,12,100
proptech,Proptech,1001-plus,72,2026-09-03,98.6,0,88.9,55.6,11.1,100
real-estate,Real estate,1-10,107,2026-09-03,89.7,2.8,54.2,25.2,45.8,100
real-estate,Real estate,11-50,115,2026-09-03,95.7,1.7,73.9,30.4,26.1,100
real-estate,Real estate,51-200,116,2026-09-03,94,0.9,87.1,54.3,12.9,100
real-estate,Real estate,201-1000,114,2026-09-03,96.5,0,91.2,72.8,8.8,100
real-estate,Real estate,1001-plus,110,2026-09-03,97.3,0,98.2,83.6,1.8,100
recruiting,Recruiting,1-10,104,2026-09-03,93.3,0,44.2,20.2,55.8,100
recruiting,Recruiting,11-50,116,2026-09-03,93.1,0.9,67.2,31,32.8,100
recruiting,Recruiting,51-200,114,2026-09-03,96.5,0.9,88.6,39.5,11.4,100
recruiting,Recruiting,201-1000,116,2026-09-03,98.3,0.9,88.8,56.9,11.2,100
recruiting,Recruiting,1001-plus,112,2026-09-03,97.3,0,90.2,75,9.8,100
saas,SaaS,1-10,96,2026-09-03,85.4,3.1,71.9,16.7,28.1,100
saas,SaaS,11-50,114,2026-09-03,87.7,1.8,85.1,42.1,14.9,100
saas,SaaS,51-200,119,2026-09-03,97.5,0.8,86.6,57.1,13.4,100
saas,SaaS,201-1000,115,2026-09-03,98.3,0,92.2,72.2,7.8,100
saas,SaaS,1001-plus,115,2026-09-03,98.3,0.9,98.3,80.9,1.7,100
